residue_number,residue_name,secondary_structure
1,MET,-
2,THR,-
3,PRO,-
4,PHE,-
5,SER,-
6,ARG,-
7,PHE,-
8,GLY,-
9,GLU,-
10,HIS,E
11,CYS,E
12,GLN,E
13,LEU,E
14,ASN,E
15,ILE,E
16,ASN,-
17,HIS,-
18,ALA,E
19,VAL,E
20,TYR,E
21,THR,E
22,LEU,E
23,LYS,E
24,LEU,-
25,GLN,-
26,THR,-
27,ASN,-
28,PRO,-
29,ASN,-
30,LYS,-
31,PHE,-
32,LYS,-
33,PHE,-
34,LYS,-
35,SER,-
36,GLU,-
37,LEU,-
38,ARG,-
39,GLY,-
40,ALA,-
41,LYS,-
42,VAL,-
43,SER,-
44,MET,-
45,ASN,-
46,VAL,-
47,ASP,-
48,LEU,-
49,LEU,-
50,TYR,-
51,PRO,-
52,ASP,-
53,PRO,H
54,VAL,H
55,GLU,H
56,GLU,H
57,GLN,H
58,ARG,H
59,LYS,H
60,HIS,H
61,LYS,H
62,LEU,H
63,LYS,H
64,ARG,H
65,LEU,H
66,VAL,H
67,GLN,H
68,GLY,-
69,PRO,-
70,ASN,-
71,SER,-
72,TYR,-
73,PHE,E
74,LEU,E
75,GLU,E
76,ILE,E
77,LYS,E
78,CYS,-
79,ALA,-
80,GLY,-
81,CYS,-
82,GLN,-
83,ASP,-
84,ILE,E
85,VAL,E
86,VAL,E
87,VAL,E
88,TYR,E
89,SER,-
90,HIS,-
91,ALA,-
92,ASN,-
93,THR,-
94,PRO,-
95,VAL,-
96,PHE,E
97,CYS,-
98,PRO,-
99,GLY,-
100,CYS,-
101,THR,-
102,SER,-
103,GLN,E
104,ILE,-
105,SER,E
106,ILE,E
107,PRO,-
108,THR,-
109,GLY,-
110,GLY,-
111,LYS,-
112,CYS,-
113,ALA,E
114,PHE,E
115,THR,-
116,SER,-
117,GLN,-
118,VAL,E
119,GLU,-
120,ARG,E
121,TYR,E
122,ARG,E
123,GLN,-
124,LYS,-
